<!DOCTYPE hibernate-configuration PUBLIC
        "-//Hibernate/Hibernate Configuration DTD 3.0//EN"
        "http://www.hibernate.org/dtd/hibernate-configuration-3.0.dtd">


<hibernate-configuration>
        <session-factory>
<!-- JDBC connection settings-->
            <property name="connection.driver_class">com.mysql.cj.jdbc.Driver</property>
            <property name="connection.url">jdbc:mysql://localhost:3306/verizon_chennai_jan24</property>
            <property name="connection.username">root</property>
            <property name="connection.password"></property>

<!--            JDBC connection pool-->
            <property name="connection.pool_size">1</property>

<!--            Set the SQL dialect-->
            <property name="dialect">org.hibernate.dialect.MySQLDialect</property>

<!--            Display sql on console-->
            <property name="show_sql">true</property>

            <property name="current_session_context_class">thread</property>



        </session-factory>
</hibernate-configuration>